id,lat,lon,brand
1228781,46.8785984,7.5423261,BP
5702030,46.6805465,7.8274119,Migrol
5702071,46.6834149,7.8445587,Avia
27069561,47.3963906,8.6233174,SOCAR
27125026,47.4010933,8.6199554,BP
29881492,47.686119,8.621418,Shell
29881496,47.6822764,8.6093701,OIL!
29882004,47.6799675,8.6064702,Coop
33127154,47.1377584,9.0509476,BP
33157581,47.1554377,9.038236,BP
34026947,47.1782564,9.0513173,BP
34026948,47.1871045,9.0496605,Spurt
34078845,47.4956958,8.7129812,Shell
47744371,47.3995257,8.4973287,Coop
52741787,47.3815928,8.5095448,Shell
54754456,47.1211551,9.122469,Eni
59185470,47.2376219,8.7276971,Avia
73124669,47.3811098,8.4921479,Migrol
82462301,47.6556089,8.857671,Avia
83423432,47.3374315,8.5302419,Shell
83424882,47.3398175,8.5298146,Avia
84513888,47.3236425,8.5187472,Eni
89266715,47.1832564,7.9810905,Agrola
94628702,47.0265599,8.2991398,Shell
95582040,47.0495135,9.0600281,Avia
98838885,47.0678093,9.0577963,Coop
98838886,47.0725304,9.0560821,SOCAR
102726613,47.2169721,8.5763211,Migrol
103096904,47.3459074,8.534658,Avia
103102957,47.3485725,8.5340966,BP
110964235,47.5278765,7.7003458,BP
111247327,47.5080581,8.5437196,Migrol
125683037,47.5250153,7.6900191,BP
135633811,47.3980896,8.5399105,Migrol
148213917,47.0067564,7.1099653,Avia
148466650,47.4387423,8.3478347,Shell
148466654,47.4383077,8.3470877,Shell
153289980,47.5389027,7.7343968,Coop
171100087,47.2028273,9.0072882,Opel
179047160,47.2327033,8.6143556,Independent
182812681,47.0111586,9.5123249,BP
190344999,47.3795583,9.5445168,BP
201387216,47.4352023,9.1387028,Coop
213320801,47.2291296,9.0232582,Shell
220030470,47.5023332,8.0316396,Tamoil
220830818,47.2190519,7.7873795,Migrol
243881645,47.5882149,8.8857991,Avia
246650988,47.2300466,8.9620388,Migrol
247345256,47.2269883,7.8404587,Eni
247702040,47.7046119,8.8205492,Migrol
247702174,47.706782,8.820345,Migrol
247702175,47.7092628,8.8208431,Eni
248973336,47.200788,9.3375706,Avia
249500787,47.374827,8.6428183,SOCAR
251364446,47.5659008,9.0967582,Coop
251364447,47.5629712,9.1047017,Shell
251364453,47.5644097,9.0999412,Eni
251364454,47.5622326,9.1211508,BP
253239439,46.9650682,7.4638599,Shell
255007349,47.4436565,8.465643,Coop
256757662,46.7809278,7.6041999,Tamoil
257281284,47.1884095,8.396334,BP
257282729,47.1964661,8.4341059,Avia
258875594,47.1913959,8.8947716,Avia
260443215,47.5809034,7.5942068,Shell
263923036,47.3555523,8.3260826,Shell
264065504,47.4155139,8.5903409,Shell
264378536,47.13014,7.6156648,Agrola
264529525,46.9715008,9.5513162,Coop
264771144,47.3450623,7.9074428,Shell
264794355,47.4128994,8.6168482,Coop
264889459,47.3042342,8.6906319,Avia
265627180,46.9590478,7.4559202,Migrol
266285284,47.4502033,8.2907357,SOCAR
266542839,46.5458,6.5871529,BP
266542840,46.548827,6.5799914,Tamoil
266542843,47.0977652,6.8367095,Tamoil
266561086,47.3232719,7.8042047,Tamoil
266825152,47.1812476,8.8976164,Agrola
266953468,47.2531303,8.6194521,Avia
267053552,46.5535448,6.5707336,Migrol
267053810,46.505564,6.4859824,Eni
267053813,46.50091,6.4844802,Eni
267211865,46.4744222,6.4131575,BP
267924554,47.3971141,8.0409728,Ruedi Rüssel
268469414,47.3695212,8.5107127,Independent
268742610,47.4048172,8.0919529,Tamoil
268892714,46.7653822,7.6258053,Shell
269120240,47.3521481,8.722673,Shell
269304240,46.5335973,6.5850826,Shell
269304246,46.5345567,6.5652376,Shell
269450517,47.5777955,7.5964463,Coop
269654731,47.5484517,7.546409,Shell
269665687,46.7140743,7.5662706,Agrola
269952262,46.5098465,6.650494,Shell
270051291,46.7283004,8.1836091,SOCAR
270288402,46.9694323,8.3525486,Agrola
271223009,47.3534438,8.5768921,BP
272725604,47.2258573,7.6161562,BP
273223793,47.5615058,7.5994793,Migrol
273529124,46.8445768,7.1907102,Tamoil
274592567,47.4896462,7.598234,Migrol
274678779,47.5258531,7.6037741,SOCAR
274815548,47.2466719,8.4610784,Avia
274978894,47.4832546,7.5461208,Avia
274980463,47.2980447,8.3164949,Shell
275422339,46.9454893,7.4712058,Shell
277469389,47.7030543,8.6453087,SOCAR
277755862,47.1201627,9.056737,BP
278205001,47.2295962,8.8437234,SOCAR
278205018,47.2969244,8.8399034,Avia
278232271,46.6047314,6.5270144,Eni
278792162,46.9369824,7.4755179,Migrol
279909825,47.2040191,8.7641063,Shell
280528115,46.9546702,7.4332051,Migrol
281282674,46.2597266,6.947662,BP
281284025,46.3935598,6.921506,Shell
281284791,46.1111272,7.077013,Tamoil
281571963,46.9354032,7.4801601,Ruedi Rüssel
281761432,46.898611,8.2506888,Socar
283181019,47.3860523,8.5319464,Migrol
283201896,47.2018784,8.790165,BP
283213549,46.9368196,7.432424,Eni
284931676,46.2304848,6.0849653,Shell
286048215,47.1937469,7.4053771,SOCAR
286059665,47.1857372,8.454374,BP
286770232,46.752103,8.0483903,Socar
286782225,47.7235876,8.6397406,Avia
286879558,46.8866278,7.3890744,Agrola
286879677,46.9250194,7.416907,Ruedi Rüssel
287320953,47.1023815,6.8333999,BP
288557316,47.4898013,7.5896372,Avia
290798270,46.9731324,7.438128,AVIA
291415329,47.6550521,9.1647784,Socar
292331528,47.5600805,9.1320734,Agrola
292341684,47.5501032,9.1527304,Avia
292507777,46.7802595,6.6533462,Shell
293011493,47.5601728,8.4925388,Shell
293254091,46.818486,8.3979432,Shell
293585451,47.4727471,7.7555382,Coop
293609533,47.5285053,8.466666,Agrola
294055540,47.1102304,8.3211384,Migrol
294055589,47.1216181,8.3416496,Avia
296253069,47.0893332,6.8075691,Coop Pronto
296941470,47.2140841,8.7004828,Avia
296990388,47.4275979,7.7714448,Migrol
297070232,46.7848989,6.6332171,Esso
297302039,47.4070106,8.7269393,Shell
297993545,47.2299301,8.6671966,Avia
298042177,47.5615782,7.5679874,BP
298681614,47.4940397,9.4683968,Avia
298715804,47.4800585,9.0297703,BEBECO
299363864,47.1790298,8.4317033,Agrola
299364634,47.1795921,8.4338162,Shell
299752761,47.3803229,8.5463543,Independent
299813447,47.2867307,8.5433519,Independent
300418712,47.393705,8.5059844,Avia
300514678,47.7921289,8.6128299,SOCAR
300514679,47.7924263,8.6121257,Migrol
301208147,47.3728411,8.5211422,BP
301407672,47.4865145,8.2949688,Independent
303314859,47.3629959,9.0734928,BP
303699177,47.4518342,8.7012565,BP
303844420,46.9713525,7.3553734,Agrola
304917714,47.4541266,8.4383363,Socar
304992273,47.4585509,8.4068901,Avia
304993060,47.4460704,8.4631797,Agrola
305469317,47.0012366,7.4619783,Avia
305469322,47.0043064,7.4629537,SOCAR
305701426,47.4448843,8.6233539,Avia
305707837,47.4445742,8.6251146,SOCAR
305765115,47.0631953,7.3348212,MACRO SWISS ENERGY AG
305765123,47.0679047,7.3157883,bp
306498031,46.5825559,6.6012717,Shell
307028624,47.2111081,7.5442211,Migrol
307121156,47.4220428,8.6848857,Migrol
307661791,47.2370963,8.6374727,Ruedi Rüssel
307695032,47.2237124,7.7784468,Avia
307821699,46.8623721,7.4607301,Ruedi Rüssel
308075661,46.9435046,7.3711499,Shell
308077581,46.9069076,7.2358556,Agrola
309112387,47.4344986,8.7635897,Avia
309425295,47.327756,8.7824754,BP
309431866,47.0904271,6.8085505,Migrol
309765158,47.0636968,6.7607215,Socar
309986668,46.0537291,8.9728703,Migrol
310205995,47.3968963,8.4404596,BP
310299936,47.2974998,7.9359255,SOCAR
310314796,47.4294761,8.6871544,SOCAR
310567715,46.3199827,10.0592318,Migrol
310668275,47.1057836,8.3795569,Agrola
310875963,47.2302544,8.8481246,Migrol
311097320,46.889789,7.2243433,Avia
311185159,47.4403024,9.4101696,BP
311319045,47.229728,8.4785611,Migrol
311976893,47.4010238,8.4915916,Shell
312012092,47.4141963,8.518214,Migrol
312365830,46.1281589,7.0600696,Shell
312468153,47.1247819,7.2596305,Tamoil
313268393,47.3802915,8.4940158,Shell
315513529,47.1008381,8.2673762,Avia
315538104,47.4682442,8.2113135,Independent
316022671,47.4616297,9.5963017,Avia
316022885,47.4439922,9.5323785,BP
317022081,47.5980137,9.0311262,Agrola
317038642,47.1433014,7.3733308,Ruedi Rüssel
317045478,47.4712239,9.0585959,Avia
317828998,46.1738259,6.1283334,BP
317829065,46.1931561,6.1526381,Shell
318306689,46.8773686,7.5419439,BP
318410355,47.419653,8.556201,Shell
319114593,46.3152191,6.1919134,BP
319463995,47.4206438,9.36708,Socar
320040835,47.4932576,8.8987116,Coop
320040876,47.4935613,8.8982352,Ruedi Rüssel
320182673,47.4938451,8.546728,Migrol
321271634,47.49898,8.7927573,Avia
321362564,47.3917824,8.5424928,Tamoil
321853683,47.5062912,8.7141595,Avia
322009546,46.1452015,6.1365929,Tamoil
322913188,47.0426407,8.5512547,Ruedi Rüssel
323236561,47.4948853,8.3401247,Avia
324343384,47.3015936,8.4484256,Independent
324648649,47.1858117,8.5209067,Migrol
325851832,46.1848264,7.211407,Tamoil
327282170,46.5668634,6.558821,Migrol
327446985,47.4437276,8.1985732,Voegtlin-Meyer
328060238,45.9851267,8.936422,Shell
330142805,47.524994,8.5392925,BP
331317250,47.3674023,8.4943259,Shell
331337817,46.6640423,9.5713655,Agrola
334002482,47.4150499,9.3536575,Coop
334005113,47.4162331,9.3452637,Shell
335477010,47.2669797,8.6508957,Avia
335958350,47.390375,8.4913858,SOCAR
336019729,47.5574974,7.5469471,Coop
338639819,47.3812597,8.5377769,Avia
339612237,47.2859721,8.5636417,Eni
339612238,47.2864826,8.565863,BP
339631367,47.2906713,8.4444262,Ruedi Rüssel
339631500,47.2963684,8.4486157,Ruedi Rüssel
339957313,47.1966126,8.4810829,AVIA
340321987,47.4308118,9.3470183,BP
340381113,47.1546449,8.5599052,Migrol
341961288,47.4388196,8.4578719,Avia
343087168,47.6399737,9.2005165,Migrol
344194669,47.3176278,8.6669872,Shell
344522057,46.5295496,9.8670469,BP
345328505,46.5572631,9.6246372,Avia
346269257,47.4641549,8.9693339,Agrola
346365679,47.1744702,7.4488162,AVIA
346406523,47.3232561,8.0219409,Avia
347672312,46.5199316,6.630332,BP
349171294,47.198656,8.1084466,Shell
349196976,47.0565682,8.2582774,Agrola
351947075,45.9820778,8.9294148,Esso
351947126,45.9806589,8.928934,Socar
351961987,46.1561379,8.9718321,Shell
352786909,46.9985153,6.7352154,Tamoil
353011599,47.4990816,7.7227859,SOCAR
354407155,47.1130701,8.231858,BP
354548408,45.9937769,7.1825888,Tamoil
354593878,46.3082786,7.4694091,Eni
354695628,46.775381,7.1605758,Marché Gaillard
355232174,47.3416225,8.7155853,Avia
355357953,46.6031845,7.0939064,Charmettes
356056801,47.0859033,8.3464876,Migrol
357231393,46.3063736,7.7511069,Migrol
357276942,46.3086349,7.7443331,SOCAR
357276951,46.3063782,7.750319,BP
357276994,46.303349,7.8012747,Tamoil
357299631,46.2926024,7.8782351,SOCAR
357299672,46.2922381,7.8903445,Shell
357299691,46.2938618,7.9010155,Tamoil
357299708,46.2944104,7.9066116,BP
357312943,46.3075376,7.9648005,Tamoil
357329286,46.3230361,7.9882038,BP
357561863,47.5762647,7.5729973,Avia
362795202,47.4258408,8.5478098,Shell
362798141,47.4310129,8.5442164,Avia
363884758,46.6917902,7.6673644,Ruedi Rüssel
363928734,46.9479904,10.3666863,SOCAR
363928741,46.9482689,10.366381,Migrol
363928771,46.9430137,10.358665,Migrol
364961808,47.4307159,9.636319,Agip
364961811,47.4307962,9.6358483,Shell
364961818,47.4311469,9.6345378,Avia
365933996,47.1281481,7.9973817,Coop
366112327,47.4438846,7.5983011,Migrol
366785529,46.0180619,8.9619278,Eni
368286682,47.4821318,8.2124349,Migrol
370171694,46.7266256,7.1354198,Agrola
370319481,46.456019,9.7907105,Socar
370382413,46.4658751,6.836337,Shell
370440105,47.0119027,6.9761983,Shell
370661427,47.5075392,7.7212426,Shell
370661435,47.5075596,7.7208992,Shell
370683552,46.6116215,7.0615383,Charmettes
370683555,46.6112522,7.0617905,Agip
370746834,47.4595255,8.3854725,Avia
370940073,46.20651,6.1095787,Shell
371009114,47.5183128,8.5927268,Migrol
371216706,46.9465199,7.3850241,Shell
373004907,46.0118935,8.9597563,Tamoil
373280989,47.1708686,8.0992783,Agrola
373802828,46.2323808,9.1029127,Eni
374188679,47.4911174,8.5033648,Avia
377012210,47.4117175,8.4558201,Migrol
378854352,46.6912023,6.9100826,Tamoil
378876538,46.6874474,6.9071126,Agrola
379083000,46.6153891,7.0520955,BP
379559846,47.1231221,7.9940004,Shell
385677191,46.8227681,7.3408107,Tamoil
385677192,46.8230213,7.3407193,Migrol
385677199,46.8426041,7.3479641,Avia
387439306,47.2627821,7.700883,Rudi Rüssel
388110913,47.4282005,8.275488,Coop
388120351,47.4173263,8.2724217,Ruedi Rüssel
389611796,46.6759669,7.8657367,Tamoil
391376413,47.1039244,7.6607198,Agrola
392016059,46.5975316,7.9072725,Avia
400879398,46.0278265,8.9192002,Eni
401610876,47.3479425,8.3476132,Avia
407913989,47.5127502,8.5431018,BP
409482527,47.1995404,7.5812798,eni
410725357,46.5715008,6.8263704,BP
411567767,47.4146182,9.3399466,Avia
412098237,47.31862,7.8032333,Coop
412723837,46.4670912,6.8361039,Migrol
412739768,46.1670717,9.0013866,Socar
412772914,46.4547571,6.8550841,Eni
412779720,46.797761,7.6837257,Agrola
412780674,46.7963964,7.6914051,Tamoil
413332243,46.3253095,6.963197,Eni
418006104,47.106173,6.8343637,Jubin
418016506,46.5623473,6.6870242,Eni
418364681,47.0687548,7.6007489,Shell
418364926,47.0668452,7.6053713,Agrola
420437934,46.1121477,8.9318574,Shell
421941395,47.0576276,7.6294384,Agrola
421981859,47.2158393,8.573721,Coop
423352403,47.6942169,8.5715463,Agrola
427921820,47.262549,8.17665,Tamoil
428933773,46.4685396,6.8327705,Eni
429161254,46.1846537,6.1373308,Eni
430399623,46.8327381,9.8536956,Shell
430444348,46.9997609,7.4644307,Agrola
430480451,46.95745,7.4861054,Eni
430829372,46.9568291,7.4839823,BP
430905343,47.0175225,7.4908803,Migrol
431206375,46.6182993,6.4165305,Eni
432296457,47.2094875,9.4886231,Agrola
432615367,47.3159652,8.5302907,Avia
433463274,47.1687532,7.3517187,Socar
435573454,47.6843704,8.6600427,Coop Pronto
438227914,46.9542541,7.4333135,Ruedi Rüssel
439704540,47.0800536,8.1305903,BP
440817437,47.3660407,9.5542563,Avia
440817438,47.3634959,9.5557017,Agrola
440848081,46.4107908,8.1515888,Tamoil
440891382,46.8152374,7.215482,BP
441134960,46.5052045,6.6765399,Tamoil
441595897,47.3506384,8.2723513,BP
441890755,47.6508092,9.1656162,Tamoil
442497825,47.2048981,7.5624058,BP
442642800,47.3881888,9.652495,Coop
442642801,47.3884504,9.6515888,BP
442642802,47.3893601,9.6509158,Eni
442642803,47.3790862,9.6683762,Red Fox
442661254,46.1549418,8.9625001,Migrol
443886188,46.4851346,7.2745679,Tamoil
447307830,47.6062644,8.2320174,Socar
447307833,47.60561,8.2312691,Shell
454582502,47.1282521,8.7450831,Avia
456381234,47.3874942,9.392037,BP
457333487,47.5434128,7.5894671,Avia
457679934,47.1311876,8.7659454,Shell
459174387,47.5236294,7.6943285,Coop
460886548,47.4608585,9.6028383,Avia
461145223,46.5751088,6.8395729,Eni
461764800,47.4984489,9.2315472,Migrol
467136838,47.4325203,8.4684736,Tamoil
470530851,47.1502011,7.2624599,BP
472703202,47.2281761,7.6206569,Eni
474405088,46.4618535,6.2336397,Tamoil
474982856,47.3702456,8.5125042,Avia
475204226,47.2393184,8.921655,Esso
475921797,47.5490913,7.7712298,BP
480320550,47.3617439,8.5181345,Tamoil
482113363,46.1936332,6.1418139,Tamoil
482164256,46.0076176,8.9476058,Migrol
486059774,46.6684976,7.8697219,Shell
486060424,46.6681128,7.8695976,Migrol
488053482,46.9445843,7.4614161,Tamoil
492088256,45.9948965,8.9426818,BP
492088728,45.9837172,8.9307732,Avia
492090571,46.0080669,9.0077754,Socar
492090693,46.0140555,9.0174687,Eni
495554607,47.1327096,8.7444385,Avia
495554609,47.1391271,8.746331,Coop
497240616,46.3587532,8.9693791,Shell
497784329,47.6029279,9.0044066,SOCAR
500922433,47.4161953,8.5640414,SOCAR
503621496,47.3160213,8.5798679,SOCAR
505816846,47.4302305,8.4658983,Eni
506655898,47.0456856,8.3092877,Avia
514558190,46.965541,7.4656657,Migrol
514598842,46.9546495,7.4600211,Avia
519720101,47.3893281,9.2892411,BP
526993017,47.2965546,7.7041725,Agrola
533864350,47.5347184,7.7113994,Shell
533864890,47.534798,7.7100491,Avia
534826542,47.2481368,8.6048958,Migrol
536852872,47.5515241,7.8035199,Avia
539543939,47.0059157,9.4996938,Shell
539553039,47.004656,9.5000223,Shell
540595237,47.0650897,7.6111371,OIL!
540750897,45.9881697,8.9334663,Esso
542360398,47.3953437,9.6422287,Avia
542416037,47.4473818,8.4378679,Avia
549072799,47.2713859,8.580952,Avia
550238619,47.5929159,8.9973738,Agrola
559179881,47.0607633,8.8026524,Eni
559179882,47.0612169,8.8029083,Migrol
559763141,47.2424106,8.4961167,Agrola
559767599,46.955775,7.4264321,Shell
560114663,46.9441914,6.8426202,Tamoil
560391019,47.0144151,9.496763,Ruedi Rüssel
563050310,47.5145743,7.7196762,BP
563266345,47.217409,7.7560457,Esso
563266349,47.2564785,7.8199406,Avia
563266368,47.3500616,8.0006818,Avia
563266401,47.368858,8.0004404,Avia
566182962,47.2552871,8.6122837,SOCAR
567263410,47.6501137,8.866002,Eni
572456939,47.4209538,8.5025926,Shell
573368452,47.4917485,8.2205044,Shell
574847059,47.3514155,7.764044,Rudi Rüssel
575172150,47.2886872,8.5740582,Coop
578221549,47.3403588,8.5193947,Socar
582575103,47.2950949,8.2361211,Socar
582823240,46.1708527,6.1223264,Tamoil
583411720,47.3298119,8.0304155,Socar
584797716,47.5560512,7.5816624,Rudi Rüssel
589783503,46.3053703,6.9080525,Migrol
597414574,47.3024491,8.5463033,Avia
597703746,47.1772081,8.1098891,Tamoil
598161461,47.0342921,8.2865514,Avia
599261559,47.3389327,8.2737092,Socar
599765353,47.1866245,8.4753869,Coop
600158726,47.2603481,8.5935282,Shell
602689055,47.3504058,7.910048,Migrol
608491928,47.2466934,7.6098366,Avia
610438795,46.6176895,8.5659699,Hubrol
611057606,47.5114381,8.544193,Shell
611086591,47.5197883,8.5423099,Avia
612768908,47.1826527,8.5245412,Agrola
613344819,46.819515,7.15397,Tamoil
614591922,46.8205774,8.1779633,Avia
617311047,46.8539591,7.1910774,Shell
623257608,47.1661279,9.4675745,Socar
623260650,47.1726778,9.4839681,Avia
623872891,47.2518412,8.7676795,Agrola
632362719,47.1872704,8.8612567,Agrola
634105867,46.2559094,7.5332595,Combustia
634456810,46.7204795,6.5411645,Agrola
634456823,46.722212,6.5446195,Avia
635764780,46.9374117,7.4415693,ewb
640061094,47.4684465,7.8625272,Tamoil
640061098,47.4700755,7.8689668,Avia
641086412,47.4699424,7.8658653,Tamoil
641252985,47.3695944,8.081721,Ruedi Rüssel
641289168,47.3318925,8.037322,Agrola
643000482,46.772668,7.6309935,Agrola
654084765,47.2914,9.0896,BP
654507963,46.753959,9.1165265,Agrola
655163017,47.4555183,9.0489562,Shell
658588675,47.0421896,7.3870043,Avia
658952529,47.4559946,7.6037836,Eni
661493618,46.9591371,10.3970489,Shell
662858693,47.2296259,7.5677965,Avia
665533327,47.616476,8.2037838,Agrola
666391084,47.1376627,8.5800107,BP
667277732,47.364319,7.9292335,Agrola
667278164,47.3641973,7.9361357,AVIA
668845217,47.5695474,8.9180358,Avia
679057788,47.1766437,8.1091655,SOCAR
686939916,45.8503364,8.9820098,BP
686939964,46.5697433,9.3685645,Shell
687012474,46.6203672,10.4458336,Socar
687534736,47.4641994,8.3302925,Ruedi Rüssel
687752291,46.9254847,7.5646568,Shell
689203211,47.5634357,7.8271809,AGROLA
696657243,46.798762,7.1307287,Avia
698881444,47.4835208,8.2857586,Independent
698881600,47.4824992,8.2788868,Shell
701550963,46.4638514,9.1873904,SOCAR
701652156,45.850212,8.9849412,BP
704348032,46.9439545,7.4207435,BP
705005322,47.5149857,8.9362629,Agrola
713981283,46.8381654,8.1870503,BMC;Bixs
726850050,47.3551895,8.3499524,Coop
732108642,46.8845236,10.4641899,BP
732108654,46.6278306,10.3324512,Eni
734869663,46.9469734,7.4182628,Avia
745958693,47.4428573,9.3951879,BP
746707073,46.1054133,7.083754,Agip
746737260,47.334353,9.4039821,BP
747389413,47.3107279,9.4354068,Agrola
758437538,47.5714501,8.2482578,BP
759831992,47.4721147,8.9238617,Avia
767892667,47.1654451,7.7960546,Agrola
769056366,46.8944924,7.1696969,Migrol
771144383,47.4541087,9.3998191,Migrol
771221358,47.0343431,8.2647634,Migrol
771363263,47.4184706,8.5468061,Independent
775345890,47.3226321,8.5781558,BP
775938665,47.3857365,8.4936574,BP
776975625,47.2747939,8.8257725,Agrola
778541365,46.4313407,8.9659581,Avia
783958365,47.3148522,9.0839457,Agrola
795605999,47.302478,7.932476,Avia
805122639,46.1765197,8.8220392,Tamoil
805177092,46.1783379,8.8167142,Eni
805177111,46.167665,8.7785161,Eni
806387974,46.1636698,8.7738914,Tamoil
806388027,46.1643349,8.7739825,Eni
812858865,47.1433173,7.7929114,Agrola
820927325,46.8479976,7.2437245,Avia
820927341,46.8865231,7.3087339,Avia
829492817,46.6896573,9.5619857,Migrol
834687489,46.8269841,6.4966911,Tamoil
836191228,46.1079977,7.5008857,Jubin
836844286,46.7871603,7.5380925,Tamoil
836844290,46.8191539,7.3656794,Autofit
836868794,46.8090795,7.4770885,Migrol
838967717,46.1342583,8.9989364,BEBECO
848484172,46.6924705,6.7070341,Avia
851335831,46.1442467,8.8436058,BP
858928210,47.1095207,8.6780989,Avia
865160661,47.4350159,9.4018411,Shell
869304912,47.3240487,8.1978124,Ruedi Rüssel
870702643,46.2273378,6.0783459,Shell
870717790,46.2232129,6.0686818,BP
876403608,47.3171831,8.4168683,Avia
884923624,46.6607904,7.7272191,Auto Coach
886099076,46.3112002,7.6369072,Ruedi Rüssel
898008622,46.6999205,7.8886714,Migrol
898008646,46.6980921,7.8812511,Ruedi Rüssel
898008652,46.6777432,7.8509999,Oeltrans
898008653,46.6799973,7.8511245,Agrola
903623217,46.7309502,7.6272687,BP
905812406,46.7492023,8.0533548,Shell
913688031,46.205707,6.0990123,Tamoil
918635498,46.4710904,6.8404792,BP
919443818,47.234572,7.7744394,Agrola
921835954,46.7269758,8.1698578,BP
922262714,47.025087,7.7409944,Tamoil
925664468,46.8259466,7.3014958,Agrola
926307636,46.6560635,7.778569,oeltrans
926471432,46.6246116,7.6901237,Migrol
926942122,47.4049521,8.5497781,Avia
927182599,47.4482319,8.9264482,Agrola
928545561,46.7951961,9.8245072,Migrol
930927146,47.1043555,6.835598,Mini Prix
935187372,47.2224443,8.4983152,Agrola
935831675,47.4133069,8.5208931,Coop
935831690,47.4123963,8.5239096,Independent
935832538,47.4113884,8.5268978,Avia
936772253,46.9234431,7.4582926,Migrol
938274837,46.9701137,9.59507,Shell
941902425,47.5319017,7.6117662,Avia
948341016,47.0431779,7.5033202,Agrola
955760539,47.2809398,7.9339436,Avia
956494164,47.2501062,8.7798785,Avia
965867266,46.80824,7.4079068,Shell
965894250,47.3739415,8.0829356,BP
969251925,46.1896677,6.1317637,Shell
970843021,47.404558,8.5563801,Ruedi Rüssel
973614064,47.4864186,8.9087115,BP
973614249,47.4857643,8.9072876,Avia
988280430,47.1899979,7.5531406,SOCAR
989929488,46.7721039,7.1603525,Agrola
997576722,47.2586647,6.9998013,Tamoil
1005690808,47.0434102,7.0967427,Avia
1005732659,46.9960461,7.107865,Agrola
1005732665,47.0043418,7.114943,Ruedi Rüssel
1008617454,46.4754657,7.1345375,Tamoil
1008899786,47.0867916,7.5265435,Tamoil
1008973306,46.4707022,7.126161,Avia
1010474279,47.3664363,7.3587624,Shell
1033691216,47.4088158,9.2518229,BP
1038655555,47.5813824,8.213276,ecostop
1043570734,46.3611856,6.8782349,Avia
1043645162,46.2676321,6.2368022,Migrol
1043645236,46.2682679,6.2375161,Agip
1066532173,47.5457396,8.9648204,Agrola
1066847210,47.3940226,9.5886495,Agrola
1069757909,46.9775962,7.4211774,Ruedi Rüssel
1070743614,47.3419652,7.8642478,Coop Tankstelle
1077316888,47.1333266,8.1413176,Avia
1077316889,47.1364244,8.1359572,Agrola
1083458072,47.0513439,8.299039,BP
1088750855,46.9704417,9.5618015,Rudi Rüssel
1115940413,47.2684858,8.587297,Avia
1128241825,46.9288091,7.3823088,Shell
1135616539,46.2269845,7.3376598,Tamoil
1139545893,46.2717015,7.4022178,Combustia
1143341483,46.229762,7.8644199,Tamoil
1143341486,46.2470882,7.8767958,Shell
1143341489,46.2298288,7.8705632,BP
1148678388,46.9701528,8.4676767,Eni
1149570590,47.2560806,8.6015375,Scall
1152714854,46.7754523,9.2009215,Shell
1154421295,47.0679635,8.3154803,Coop
1167954322,45.8729659,8.9783802,SOCAR
1169057575,46.515254,8.667533,Eni
1171138347,47.0621935,8.2651449,Esso
1191627198,46.7542937,7.6274399,Shell
1209090865,46.1036115,7.0896036,Agip
1210602994,47.1918171,8.6447698,Agrola
1210603014,47.1899892,8.6459715,Avia
1228109353,47.511197,7.724108,Etzelpark
1237726505,47.6447869,9.1862367,Tamoil
1240203805,46.8868465,7.0489224,Agrola
1247814011,46.3341628,9.5367655,Agip - Eni
1258330247,47.4071384,8.5473271,Independent
1260264402,47.1675971,8.2470512,Agrola
1262550302,47.1829632,7.8778521,Ruedi Rüssel
1263586134,46.8325723,9.4451452,Ruedi Rüssel
1277433290,46.6662459,6.7998149,BP
1277577619,47.1236694,8.8977563,Oil!
1283828394,46.5193536,6.6403487,Shell
1298163197,47.4982443,7.016218,Shell
1305217859,47.5850081,9.0579538,BP
1305217876,47.5835169,9.0568047,BP
1309304726,46.1711513,7.8004331,Avia
1322341728,47.0265743,7.4438977,Coop
1323307013,47.1847601,8.0169191,Ruedi Rüssel
1325892702,46.2961047,6.1671598,Shell
1337143769,47.5580502,7.5741773,Shell
1338801659,47.3504527,7.9532825,Migrol
1339704369,47.0413744,9.4324102,Migrol
1341487957,47.2473126,8.6387565,Independent
1342602152,46.8889832,7.5228087,Tamoil
1350936246,47.4046286,8.7197006,Tamoil
1358046462,46.8198031,7.584987,Agrola
1360531820,47.0320213,7.0565167,Mini Prix
1361319683,47.3678087,8.564167,Shell
1361319687,47.367931,8.5644227,Shell
1363040120,47.3625248,8.5480473,Migrol
1363673570,47.1967709,8.6794377,Shell
1366349899,47.3624756,8.5681877,BP
1366703127,47.4065994,8.7241822,Agrola
1371793708,46.698223,7.737534,Ruedi Rüssel
1374825644,47.1927088,8.7186248,Independent
1384810775,47.1099523,8.4506807,Avia
1392528909,46.0888384,7.5091335,Combustia
1406942836,46.6340621,10.4574614,BP
1412124748,47.4604711,7.740861,Avia
1413185616,46.5170341,6.6072755,Shell
1419909556,46.8120696,7.1368574,Migrol
1420719145,46.8187512,7.3492421,Esso
1422954797,47.5300292,7.6409066,Ruedi Rüssel
1422954808,47.5268723,7.65582,Migrol
1422954837,47.5286883,7.6457906,Ruedi Rüssel
1423830742,46.9324304,7.1278439,BP
1424445722,46.9133495,9.7677562,Avia
1426129681,47.5250327,7.6839663,Coop
1426549996,46.7269115,8.9348872,Agip
1428094165,47.3502334,7.8911643,SOCAR
1428113830,47.3309439,7.8374242,Avia
1435448154,47.6671495,9.0887564,SOCAR
1435634107,47.6597537,9.1223471,Avia
1436158482,47.6502071,9.1720898,Coop
1436591403,46.3552043,8.9709633,Eni
1437292725,46.7687346,7.5835468,Agrola
1437292813,46.77236,7.5773896,Avia
1437637798,47.645075,9.2117789,Avia
1447469399,46.1948349,6.1527342,Avia
1453005631,46.3116172,7.9799598,Shell
1477153734,46.1897443,6.1979746,BP
1477153788,46.1898428,6.1993774,BP
1477747675,47.1628689,8.1041845,Agrola
1478083069,46.6669862,6.3296397,Tamoil
1479486531,46.4400609,8.8418979,Avia
1485039698,47.0825834,8.2724368,BP
1487761567,47.3943519,8.5297022,Migrol
1488703647,47.4063348,8.5836156,Migrol
1488717329,47.4073726,8.5865182,Avia
1488738142,47.4062266,8.5831505,Migrol
1492328346,47.402714,8.577361,Tamoil
1492836194,47.4622166,9.3942782,Avia
1492865481,47.3956372,8.6061099,Shell
1493474970,47.0723902,8.2793174,Migrol
1493475034,47.0712331,8.2810579,Agrola
1513964564,47.361231,8.5224826,Eni
1515923598,47.3177695,8.1839806,Migrol
1519488377,46.8244089,6.9282194,Eni
1525269396,47.391139,8.5267589,Independent
1528037438,47.4039392,8.56718,Ruedi Rüssel
1531318125,47.189242,8.8552324,Ruedi Rüssel
1535109278,46.4122618,6.1898628,Tamoil
1565389568,47.1451865,8.0148515,Independent
1565389577,47.1531563,8.0267177,Agrola
1569833060,46.222716,6.1302175,Tamoil
1569835418,46.2237738,6.131151,Shell
1571348229,47.5594198,8.0576316,OIL!
1575815197,46.9932116,8.5214595,Agrola
1575826679,46.0976688,7.2188395,Tamoil
1580502878,47.346225,8.6018688,Shell
1580983584,47.137517,7.3815278,Avia
1581546464,46.6796135,7.8559151,Avia
1599440400,47.5529398,7.7971871,Ruedi Rüssel
1606216660,47.5316738,7.9885828,Agrola
1612813249,47.1966754,8.6810593,Shell
1618073109,46.4004291,9.6955044,Ruedi Rüssel
1618141590,47.5334532,7.6046921,Coop
1619031481,47.2458149,8.647766,Avia
1626641320,46.5527078,6.7772004,Avia
1626642255,46.5526207,6.777446,Avia
1630419348,47.2668117,7.6969458,only unleaded
1631244460,46.9546105,7.4786427,EcoStop
1631257567,47.3798416,7.949218,Migrol
1639422734,46.0148105,9.0189266,Tamoil
1652920891,46.922124,6.8081137,Agrola
1656300744,46.3020251,8.9922663,Eni
1661217443,46.8994411,8.2466074,bp
1662051350,46.585021,7.6489986,Shell
1666766811,47.5497616,9.3033076,Avia
1670547822,46.9565582,8.372281,Hergol
1673091430,46.5910757,7.6507677,Ruedi Rüssel
1673270469,47.3278762,9.2215753,Agrola
1674661390,47.5421359,7.5776747,Coop
1685063933,47.171467,8.2864796,Shell
1686173227,47.1614731,7.526401,agrola
1689325383,46.174992,8.8173694,Shell
1689402740,46.1790408,8.8696241,Eni
1696273321,47.3841541,8.3957628,Shell
1701490048,47.1739324,9.4653225,BP
1702809007,46.4472372,6.1557601,Eni
1703403835,46.1965719,6.1940935,Migrol
1708066596,47.3873573,8.1698834,Avia
1708066637,47.3871138,8.1670366,BP
1721705361,46.7187262,6.960739,Mini Prix
1723238711,46.9377757,7.3933651,COOP
1726210994,47.311382,8.393637,AVIA
1732050905,47.1299622,7.5395499,Migrol
1732449803,47.3832035,8.0869974,Migrol
1735767936,47.2204235,8.2643129,Ruedi Rüssel
1737759646,46.3431931,8.97596,Tamoil
1741863727,46.1807306,8.8497701,Mini Prix
1743982428,46.9311105,7.4298957,Avia
1748438481,46.9734087,8.4198088,Shell
1753928832,46.2579833,6.94545,BP
1757030057,46.1537134,8.904614,Avia
1757030067,46.1524037,8.9623808,Socar
1757030068,46.1499639,8.9282216,Migrol
1759660491,47.195103,8.7249048,Biodiesel
1760001122,47.0094627,8.3058937,Hergol
1768343014,47.5797861,8.612637,BP
1769240597,47.533994,9.3463656,Migrol
1769277686,47.5340938,7.6289604,Coop
1771290405,47.4613484,9.6034767,Eni
1773647684,46.5284646,6.3404328,BEBECO
1775233553,47.5143094,8.0148684,Avia
1781591093,47.1297597,7.5329681,Agrola
1782050608,46.1567581,5.9899665,Shell
1786093958,47.1050139,9.0656161,Shell
1788289746,46.7219265,6.7852439,Jubin
1791294272,47.4289183,8.5591906,SOCAR
1792505775,47.3731767,7.9998401,COOP
1798164480,46.9157023,7.5637186,Agrola
1799498562,46.1750478,8.8914596,Socar
1799498563,46.1763688,9.0124592,Eni
1799498564,46.1840955,9.0126965,Shell
1799498565,46.1884487,8.9966359,Avia
1799563805,46.3756083,8.9176709,Avia
1799563820,46.3752387,8.9192486,Tamoil
1800052853,46.1928872,6.0170095,Avia
1800185501,46.1835229,8.9839066,Eni
1808635564,46.1362808,7.1155728,Eni
1808929549,47.373198,8.1440957,Avia
1808929562,47.3747566,8.1430026,Avia
1814601989,47.1729279,8.9589822,Migrol
1816824536,47.1824852,8.4840529,Migrol
1816824579,47.1915585,8.5228027,Avia
1817496220,47.4036418,8.0853579,Migrol
1817527603,47.1869418,8.4733743,Migrol
1826381833,46.9117221,7.9327732,Migrol
1827364426,46.9485531,8.0129183,Avia
1828569947,46.6779564,7.8508688,Oeltrans
1829783287,47.1269593,7.9977969,Agrola
1831920497,47.1733634,7.5854003,Coop
1835275007,47.4633657,9.5927576,Ruedi Rüssel
1835275018,47.464392,9.5919065,Spurt
1835326126,47.138397,9.0492936,Shell
1842989342,47.682796,8.6157597,Avia
1843378639,47.6950212,8.5830796,Migrol
1845304513,47.1876983,8.3973611,Agrola
1845461046,46.9549838,8.0189381,Ruedi Rüssel
1854831311,47.4176287,9.0464699,Avia
1855735182,47.5447787,7.5720091,Avia
1856809564,46.4611742,6.3424132,Esso
1856810715,46.4626765,6.3449643,Tamoil
1862816967,47.1314166,8.0529766,BP
1874196802,47.0513972,8.0682995,Agrola
1882056112,47.5300983,7.6054191,Avia
1882065880,47.5850184,7.5935859,Shell
1891089861,46.9003813,7.6331605,Socar
1896270896,47.3965165,8.6116995,Avia
1921976248,46.4398191,6.2483809,Eni
1923272905,46.7937204,7.1431039,Eni
1924177999,47.4802114,8.4847451,Avia
1944924400,47.0822789,8.2650138,no brand
1946159866,47.1680709,7.7309854,Avia
1946159902,47.1729356,7.7283432,Agrola
1949179157,47.1845226,8.1075043,Avia
1949535717,46.8597501,7.4955206,Agrola
1953487290,46.7122543,9.4452742,BP
1960490981,46.1171208,8.7084061,Eni
1975546345,47.5618331,8.9060671,Migrol
1976789584,47.0830225,7.9557499,Migrol
1976898678,47.5460209,7.5837638,Migrol
1976917024,47.5657309,7.573832,Avia
1979812153,45.841138,8.9617777,Eni
1994208081,47.5011525,8.0091467,Agrola
1997617203,46.9233576,7.8379857,Agrola
1997878114,46.1908718,6.1203623,BP
2001651040,46.9234695,7.8253239,Agrola
2011278133,47.2053435,7.5335325,Agrola
2012119527,46.9857193,6.896528,Miniprix
2025508669,46.7178555,7.7099806,Agrola
2030250496,47.4310576,8.5662085,Avia
2030813794,47.08163,8.2682206,Avia
2031025592,47.4641945,8.9936157,Esso
2031629039,47.0046683,7.680978,Agrola
2037405840,47.5350173,7.5716334,Avia
2037405848,47.516749,7.5584937,Avia
2038180365,47.0457315,9.061261,Ruedi Rüssel
2038180380,47.0358484,9.0726161,Migrol
2044313034,47.1546586,7.0145577,Mini Prix
2046481746,46.9403271,7.7791456,Coop
2069997188,47.0706878,6.7066653,Jubin
2071461249,47.4565572,7.7439658,Agrola
2074771409,47.5481192,9.3718004,Migrol
2074771410,47.548936,9.3717356,Ruedi Rüssel
2082083945,47.0127716,7.0082828,Migrol
2082727575,47.4574017,7.6056559,Avia
2083533372,47.0896079,8.1101244,Avia
2086964148,47.3009386,8.8364358,Agrola
2087629938,47.4056205,7.6899813,Ruedi Rüssel
2088172705,46.4615715,6.8570441,Tamoil
2095138401,47.4969617,7.7232975,Avia
2097846632,47.5085173,7.7207307,Avia
2100516385,47.6693995,8.6377475,Agrola
2104399786,47.4315388,7.7056924,Avia
2105399667,47.2712338,7.8211524,Tamoil
2109027261,47.0965469,9.3530771,Agrola
2114895058,47.1684681,8.1136817,Agrola
2118341249,47.1927904,8.828884,OIL!
2118960427,47.1683874,8.113977,Avia
2126510762,47.2169773,7.7537263,agrola
2131610848,46.1954956,6.1997986,BP
2140022268,46.8867073,8.2107708,AVIA
2142689748,46.6561874,6.5102238,Tamoil
2147081061,46.8442253,7.6197357,Avia
2147658991,46.9271485,7.6214815,Moser
2147659002,46.8723987,7.6208429,Migrol
2147659003,46.9385745,7.6158277,Agrola
2147659038,47.0344057,7.6309276,Coop
2164514676,46.1825937,7.2931518,elf
2166192091,46.9253424,7.5736358,Migrol
2172529283,47.0118226,7.6590283,Agrola
2173294557,47.0084458,7.1564357,Shell
2183596691,47.1681801,8.2876628,Agrola
2185610249,47.1760678,8.9077084,Migrol
2186095416,47.0718607,7.3067379,Gnossi Lyss
2186282617,47.2346403,8.4277609,Agrola
2194325506,47.2824578,7.3815906,Shell
2194509641,47.4000687,8.4116786,Tamoil
2214821219,47.3684503,8.4967351,SOCAR
2232036984,46.9274953,7.3798608,Avia
2233923218,46.8765861,7.0326379,Coop
2251949258,46.6051635,9.4273614,Avia
2262032671,46.9007649,7.4013264,SOCAR
2267251447,46.2066493,6.1220684,Tamoil
2276702417,47.5712202,7.5692209,Shell
2279775523,47.4052121,8.2201673,OIL!
2287987550,47.4672556,7.8004766,BP
2290342093,47.5203202,8.5472046,Agrola
2290610240,47.4962061,8.2674926,SOCAR
2290630900,47.2724466,8.3423796,Agip
2290630916,47.3029914,8.3120463,Avia
2294128749,47.3625325,7.3601035,Agrola
2298168567,46.2323759,6.1231165,Mini Prix
2301905696,46.2361833,6.1241342,BP
2306589625,46.2361036,6.1236391,BP
2310133319,47.0325583,7.6325861,Migrol
2319855981,46.225487,6.1062793,Tamoil
2320567716,47.367448,8.3796825,Free
2321655387,47.61111,8.7262668,Agrola
2331983439,47.70274,8.6292744,BP
2338458360,47.4892439,8.2412945,Avia
2342240617,47.3069234,9.0871791,Coop
2342240672,47.3288979,9.0847543,BP
2342241222,47.3645608,9.0411115,BP
2344551128,47.222165,8.2532433,Agrola
2353751972,47.193543,8.1122991,Avia
2356946043,47.1853306,7.7016546,Coop
2357532576,47.4623067,8.9537317,Migrol
2360399537,46.6118778,9.176202,Agrola
2362215334,47.141289,7.6954052,Agrola
2371367682,47.3322385,7.7508902,Ruedi Rüssel
2376309412,47.563447,9.0478265,Ruedi Rüssel
2377108626,46.7522377,7.0309206,Mini Prix
2383717270,46.4790008,8.7960072,Avia
2385204503,46.8358843,9.2943607,Ruedi Rüssel
2386691625,46.148803,8.8631504,Tamoil
2387341805,47.2118886,7.7842292,Ruedi Rüssel
2392081646,47.5486386,7.5572631,BP
2392657652,47.5513783,7.624196,Ruedi Rüssel
2392657658,47.5498243,7.6255636,Migrol
2396021638,46.2287729,6.1057189,Texaco
2400839575,46.8850388,9.8739029,Avia
2400839607,46.9138486,9.7717264,BP
2400839628,46.9666479,9.694265,Avia
2400839640,46.9701525,9.6837817,Coop
2405452663,47.1341192,7.2417642,BP
2407208403,47.1515908,8.3946466,AVIA
2407228024,46.9842893,8.4113637,Tamoil
2416781612,46.1549808,8.7717833,SOCAR
2427892651,46.8726841,7.2836757,Migrol
2432632982,47.1724793,8.0922082,BP
2432632983,47.151273,8.1664137,Avia
2433663082,46.4622041,6.0757097,BP
2452165861,47.2913911,7.7320381,Shell
2452165875,47.3042479,7.6947097,Coop
2452165885,47.3160686,7.70203,Shell
2452165888,47.3872446,7.7493738,Avia
2452165892,47.4101351,7.7549292,ecostop
2463639260,47.6096267,8.5340093,Avia
2463639822,47.6110084,8.5396384,Tamoil
2464246505,46.2254452,6.1082473,Garage Dunoyer
2468529775,47.0474986,7.1504118,Unbekannt
2468696425,47.12003,9.314663,Socar
2471120934,47.1359348,8.6087761,Tamoil
2472551713,47.1827978,8.0757881,AGROLA
2472551725,47.207547,8.0372052,Rudi Rüssel
2472551726,47.2102242,8.0213098,AGROLA
2477003262,47.0802212,7.749732,Flamol
2477003483,47.1671418,7.7964588,Avia
2479965161,47.474544,9.5802881,Coop
2480248159,46.9861131,8.4141384,Agrola
2492760745,47.4605932,8.5254818,Kompogas
2506241323,46.9806514,8.0563466,Avia
2510201358,47.1649075,7.5948447,Socar
2511874387,47.2242471,7.8937055,Shell
2511896139,47.1757596,8.1027455,Agrola
2513636432,47.3921617,8.67484,Agrola
2522474456,47.4570056,7.8070957,Avia
2522474461,47.465747,7.8025587,Avia
2549317450,47.5223356,9.4000416,Agrola
2563389409,47.4174703,9.1696618,Coop
2563389451,47.4172251,9.1684557,BP
2563389452,47.4170479,9.1710466,Shell
2571051411,47.083383,8.1244828,Agrola
2576639883,47.4901182,7.6087693,Coop
2576641031,46.9195617,9.5627521,Coop
2576644569,47.3274477,8.5299541,Coop
2576974605,47.4768015,9.5775038,BP
2594087411,47.552469,8.873065,Avia
2594087412,47.5611502,8.8891118,Socar
2594087414,47.56378,8.8752947,BP
2600727479,47.4117642,9.0690072,Migrol
2603091588,47.5523233,8.8847762,Nasa
2608602835,47.4869096,7.7336613,Ruedi Rüssel
2611932131,47.2384952,8.7497668,Avia
2613273097,47.4141929,8.1649918,Ruedi Rüssel
2613273100,47.3985241,8.1787604,Shell
2613649986,47.1546544,8.3160246,Agrola
2617018692,47.1134079,7.8532645,Coop
2617018701,47.1277093,7.9069185,Agrola
2619423727,47.4597676,9.384802,Agrola
2629117545,47.2851445,7.7051708,Socar
2629117546,47.2859836,7.7062058,Shell
2629123779,47.2687837,7.6870648,Migrol
2633729038,47.516266,8.6799636,Coop
2633729039,47.5149155,8.6823507,Avia
2637205219,46.3142634,6.9409162,Migrol
2639107872,47.5192521,9.4242988,BP
2643475964,47.3597415,8.0550095,Avia
2647325839,47.2389462,7.6630512,BEBECO
2647362281,46.9680069,7.6255556,Avia
2648339595,46.9451396,7.4730558,Avia
2674580997,47.4683784,9.3455004,Agrola
2694195855,47.219976,8.155417,Avia
2696218096,47.4846521,9.5510992,Avia
2696717531,46.2682055,6.2381255,Tamoil
2702363178,46.6254513,8.0246383,Ruedi Rüssel
2703041969,47.0923913,9.3435543,Ruedi Rüssel
2715681249,47.4695439,9.5875922,Red Fox Oil
2720687666,47.2397471,8.733336,Agrola
2727215234,46.8238141,7.0994848,Coop
2741686844,47.39498,8.4870209,Avia
2770619405,47.5616908,8.2532853,Tamoil
2770619414,47.5695246,8.2567835,Ruedi Rüssel
2770646240,47.5771617,8.2268849,Avia
2772125416,47.059643,7.6129765,Ruedi Rüssel
2788676807,47.5263292,8.9227894,Coop
2799282091,45.8638242,8.9402414,Eni
2800588923,47.3560414,8.5536233,Avia
2818759393,47.5215972,8.9306009,BP
2843821734,46.5406689,6.7033088,Migrol
2878749413,47.5339568,7.6050881,Avia
2888195234,47.6374683,8.974571,Migrol
2892492106,46.8679658,6.4904313,Jubin SA
2896395511,46.2458085,6.2073711,Tamoil
2898503502,46.3011973,7.5614477,Tamoil
2930698122,47.2139536,8.0952055,Agrola
2930698123,47.2278443,8.084099,Agrola
2942625760,47.260452,8.2399331,AGROLA
2945900336,47.4137752,9.6307567,Migrol
2964066018,47.3718779,9.1956025,Agrola
2971729334,47.1648716,8.3000547,Tamoil
2989553634,47.4151459,8.3991162,Avia
2998400214,47.2055978,8.7453409,Avia
3007661969,47.0467392,9.421388,Agrola
3009125956,47.2787664,8.759582,Oil!
3013065716,46.1670288,8.7897479,Socar
3021904258,46.5131862,6.5012654,Tamoil
3022093738,46.9959541,8.0665775,Tamoil
3028802264,46.4726947,9.5126597,Avia
3030232000,45.8396279,9.0195879,BP
3030586928,45.8402328,9.0188138,Tamoil
3030689545,45.8435063,9.0375533,Eni
3033193237,47.1043511,8.2007906,Avia
3040046068,46.167685,8.7954763,Eni
3041821374,45.8577548,8.9853643,Socar
3056266301,47.2049041,8.70827,Shell
3071458539,46.1136162,8.9313772,Tamoil
3076893967,47.1066927,8.3810382,Ruedi Rüssel
3084903258,45.8557331,8.9933211,Piccadilly
3086649249,47.4061725,8.471176,Ruedi Rüssel
3096177968,47.1969578,8.5294199,Agrola
3121224677,47.3967811,8.4414569,Shell
3123715104,46.271443,6.9454664,Tamoil
3135208633,47.4130697,8.4149802,Migrol
3166577286,47.5295277,9.1931287,Agrola
3175013666,45.8621342,8.9730729,Avia
3181785924,46.8775778,7.5617663,BP
3196705172,47.0701944,8.1954532,AVIA
3203084549,47.0241267,8.4589198,Ruedi Rüssel
3206147458,47.6666581,8.4363179,Migrol
3223654510,47.4627192,8.3326435,BP
3238083467,47.5614049,7.5738336,Avia
3240926807,46.9018316,7.3556673,Agrola
3266767364,45.8355497,9.0138909,Eni
3274467749,47.3583523,8.5872489,Independent
3280639461,47.0000472,7.4161082,Agrola
3284696980,46.8897187,7.3118409,Shell
3284697002,46.8898767,7.3170971,Coop
3287567839,46.5415953,6.6332601,BP
3293439029,47.4503419,8.5970286,Coop
3323077484,45.8575136,8.986759,Eni
3323135069,45.8438434,9.0378915,BP
3323135070,45.8436404,9.0172178,Migrol
3323135073,45.8426201,9.0374871,Eni
3323135074,45.8662635,8.9771441,Eni
3323135077,45.8409031,8.9614102,SOCAR
3323135078,45.8410416,8.960621,Eni
3323135079,45.8411714,9.0157091,SOCAR
3323135080,45.8414541,9.0157391,SOCAR
3323135083,45.8550302,8.966134,Eni
3323135085,45.8427127,9.0371417,Socar
3323135086,45.8380803,9.0055104,Tamoil
3338200230,47.3342885,8.3079251,Avia
3338569753,45.8479453,8.935836,Tamoil
3358399930,47.4067224,8.5382677,BP
3358815725,47.3735229,9.4161754,Migrol
3358829209,47.3255258,9.5680812,Migrol
3358834640,47.4190579,9.2347824,Migrol
3358844941,47.3571454,8.7055232,Migrol
3358844942,47.4016204,8.610322,Migrol
3358847506,47.4394579,9.0558872,Shell
3358847509,47.4386388,9.0566161,Coop
3358848067,47.5447515,9.2727646,Shell
3373195693,47.4068433,8.4116243,Shell
3376582843,47.6417797,9.1962333,Migrol
3382900796,47.4203884,8.3694709,Ruedi Rüssel
3384690532,46.5978281,9.5963657,SOCAR
3385874251,47.3594959,8.4532841,Coop
3389972644,45.8425356,8.9189113,Eni
3392227810,46.7700398,7.0690975,BP
3397616183,47.2662108,8.3479029,Migrol
3416564162,45.8640177,8.9417011,Eni
3423757177,46.9770002,8.3396305,Hergol
3532674147,47.3003825,8.3123437,Agrola
3553554148,46.5258567,6.6339526,Tamoil
3556535496,46.1122322,8.7050548,Pit Stop
3556535497,46.1119963,8.7040817,ECSA
3556535498,46.1137774,8.7060083,BP
3576197245,45.9139409,8.9843768,Eni
3577237919,45.9135622,8.9172805,IP
3578306158,47.084336,8.2725736,Coop
3578360626,47.0740702,8.2909467,Coop
3590377277,46.5379049,6.6010941,Migrolino
3590384048,46.5391256,6.5974431,Socar
3599872150,47.0087003,8.6579946,Migrol
3618403643,47.0704761,9.4780441,Agrola
3619938082,46.2482565,6.9549637,Tamoil
3620863237,47.375256,8.490236,Avia
3640398500,46.1644166,8.7680468,BP
3654662924,47.209926,9.4898036,Shell
3660847528,47.2165237,8.5762619,Shell
3664846103,47.1417288,7.9749877,Ruedi Rüssel
3666276313,47.4811385,8.4652196,Migrol
3670745823,47.333647,7.2088268,Socar
3676208121,47.476254,8.5052021,SOCAR
3683619190,47.0355551,8.2968685,Migrol
3684333715,47.0552807,7.0666666,SOCAR
3688226672,47.3408891,7.3715339,Coop
3698907015,46.450917,8.9404404,BP
3700013891,47.567022,7.5635197,Avia
3701926343,46.1044037,8.7581083,Eni
3717722792,47.5212089,9.4131283,coop
3725780316,47.4151254,8.5183109,OIL!
3725889088,45.8430061,8.9191912,Eni
3725902823,45.8435698,8.9215346,IP
3725904325,45.8447716,8.9257926,Eni
3730065081,46.5266358,6.5270922,Agrola
3768196581,46.6246579,10.3404629,Mazda
3773241559,47.3338554,8.0550713,Agrola
3773259057,47.3299802,8.0557843,Tamoil
3773259058,47.3360554,8.0541381,Midland
3779580857,46.7505527,7.1689047,Tamoil
3779587759,46.6198732,7.1626533,Tamoil
3783431065,47.0513078,8.2726018,Avia
3790817939,47.3543871,8.9321595,Agrola
3796957666,47.4217428,8.4071653,Shell
3810110865,47.4294941,8.3913972,Migrol
3815984133,47.5792061,9.1656826,Agrola
3826204629,47.2805819,8.451352,Shell
3826204630,47.2729064,8.4482579,Migrol
3829948112,46.9381117,7.7955539,Tamoil
3831529409,46.9383269,7.7925926,Ruedi Rüssel
3831821557,47.2110701,7.5057963,Coop
3833323678,47.2114974,7.523622,Shell
3836514597,47.1885284,8.4738992,Agip
3843591892,46.861086,9.5341776,Avia
3843591893,46.8611721,9.5344075,Avia
3843591905,46.8727696,9.5344012,SOCAR
3843591906,46.8728691,9.5340214,SOCAR
3849962497,46.6588604,7.494838,Agrola
3856077382,47.3360236,8.5179148,Avia
3870732123,46.8153671,6.6523891,Tamoil
3872780480,47.2962794,9.0860928,Agrola
3875574430,47.0624635,7.7493234,Midland
3902614699,47.5617705,7.5643836,Migrol
3904951019,46.6882721,7.8887734,Ruedi Rüssel
3926865068,47.3967459,8.0688096,Ruedi Rüssel
3986844671,47.319607,9.2868922,Landi
3991254087,47.5813087,8.3081177,Shell
4003557922,47.0438842,8.3045137,Avia
4040977956,46.0688334,7.7762638,BP
4071715490,47.3512724,8.3712383,Agrola
4072287092,45.9888302,8.9537999,Eni
4077197252,47.4171988,8.5405286,Avia
4081300238,46.7795936,9.5435631,Migrol
4088695339,47.0781452,7.2999215,BEBECO
4088701801,47.0410557,7.634502,BEBECO
4088712038,47.0109631,7.4665923,BEBECO
4088731206,47.3962823,8.2028678,BEBECO
4088745689,47.1789603,8.1015907,BEBECO
4088761639,47.0330752,8.2923314,BEBECO
4088761840,47.0870919,8.2701518,BEBECO
4088879676,46.8311571,7.0545039,BEBECO
4088923696,47.2218008,8.675162,BEBECO
4088931569,46.8890175,8.2496659,BEBECO
4088976020,47.4752745,7.7226734,BEBECO
4088998702,47.4547453,7.0154203,BEBECO
4089001640,46.7105834,6.9183224,BEBECO
4089011903,46.6724459,6.8925657,BEBECO
4089017613,47.4286035,8.5179685,BEBECO
4089028880,47.3790129,8.5491137,BEBECO
4089035400,47.410457,8.5121281,BEBECO
4089041537,47.0061274,7.7247422,BEBECO
4089053385,47.3592877,8.4310994,BEBECO
4089066496,46.7797522,6.5943404,BEBECO
4089070715,46.828964,6.9398578,BEBECO
4089076989,46.81308,7.1563353,BEBECO
4089096059,46.957764,8.3875492,BEBECO
4090435103,47.1361941,7.2074953,BEBECO
4090464289,46.6711721,7.8576012,BEBECO
4090465707,46.4986055,7.4078524,BEBECO
4090470229,46.7387175,8.1191707,BEBECO
4090470990,46.7261946,8.1716384,BEBECO
4090478031,47.4878037,8.217243,BEBECO
4090484292,47.3571318,8.332197,BEBECO
4094946573,47.0934279,8.2994104,BEBECO
4094954025,46.3208597,6.9622099,BEBECO
4094994191,46.6525957,6.7838276,BEBECO
4095702167,46.3998815,6.2311316,BEBECO
4095710989,46.2101139,7.013926,BEBECO
4095716098,47.1407288,8.4405965,BEBECO
4095857965,47.0575262,9.4079682,BEBECO
4095864393,47.4183849,9.3593015,BEBECO
4095874621,47.1241147,9.3050401,BEBECO
4095885839,47.5682248,8.9007712,BEBECO
4095892754,47.5724671,8.8867021,BEBECO
4095901422,46.9647094,6.8629628,BEBECO
4095913148,47.3885449,9.2809607,BEBECO
4095924863,46.7743544,8.6678712,BEBECO
4095934505,46.9999025,9.0787184,BEBECO
4095957368,46.7648317,9.7985373,BEBECO
4096759731,46.8479262,9.5167617,BEBECO
4096807530,46.8472281,9.5004404,BEBECO
4096851895,46.5238156,9.1854647,BEBECO
4097127005,47.0356021,9.5266849,BEBECO
4097134493,46.7754965,9.1371467,BEBECO
4097236717,46.2012797,9.0186442,BEBECO
4097292416,46.1401609,8.9065231,BEBECO
4097298894,46.1628726,8.8785082,BEBECO
4097309412,46.3075473,7.7549164,BEBECO
4097315197,46.2266835,7.3762358,BEBECO
4097316481,46.2179373,7.3373866,BEBECO
4107323973,46.8215462,7.4428645,Agrola
4110508143,47.6420717,9.1892477,BP
4127859166,47.4870974,8.7551312,SOCAR
4137864686,47.466528,9.2813855,Avia
4138760987,46.8911188,7.5097596,Avia
4139299723,46.8499778,9.5048256,Socar
4153950189,47.3551672,8.0997754,Agrola
4163251498,47.2556433,9.1509051,BP
4169107328,46.5385258,6.73037,Opel
4169328572,47.4581207,9.3962732,RedFox
4171946441,47.6114375,9.1696474,Avia
4172108921,47.5826067,9.1681555,Avia
4174452024,47.5922035,9.0690234,AGROLA
4178961089,46.3063458,7.7510364,Shell
4187685218,46.5473637,6.5621208,Tamoil
4228845595,47.5002265,8.785714,Agrola
4233225589,47.4039492,9.3044453,Avia
4243869743,47.0153685,8.6438813,BP
4250994336,46.9432395,7.4009855,Avia
4251315310,47.2083109,8.1909083,Agrola
4251315312,47.2089307,8.1912076,Avia
4256047103,46.8098918,7.3780254,Avia
4271097393,47.1292427,7.2556263,Coop
4280190277,47.2057036,9.4571065,Avia
4294130732,46.4848984,9.834767,BP
4303177352,47.3319775,9.3953535,Migrol
4303177353,47.3317158,9.3959932,Socar
4312489291,47.419519,9.364246,Avia
4322098887,47.4858278,8.4520921,Migrol
4339744894,46.7067056,9.4404844,Avia
4353163721,47.3791236,8.6803113,Migrol
4369399352,46.2717965,8.6820484,ECSA
4371209291,47.3533465,8.1605069,AVIA
4374647078,47.2448419,8.1858003,Coop
4379763130,47.4923059,8.7589991,SOCAR
4383628051,47.3371593,9.1307912,Agrola
4392474889,47.5490727,9.221738,Agrola
4412050012,47.551192,7.5377885,Agrola
4424238921,47.4911259,8.4371213,Shell
4426163090,46.998009,8.6084888,Tamoil
4433552056,47.4138567,8.5493439,SOCAR
4435238292,47.4503807,8.5393004,Avia
4449389700,46.9060471,9.5573726,Avia
4462489136,47.6602456,9.1418678,Avia
4468375295,46.3864049,6.9204807,Migrol
4469087332,46.9916643,6.9169881,Avia
4469637892,47.4116797,9.335979,Shell
4471002503,47.4169136,9.2541153,Avia
4490580195,47.4463906,9.138589,BP
4498351089,47.0593682,8.3018416,Ruedi Rüssel
4506298182,47.5777304,9.3189866,Ruedi Rüssel
4513800807,47.2187096,7.5138734,Migrol
4521490965,47.261582,8.3873549,Avia
4555025465,46.1089276,8.7651306,Avia
4561938178,47.5173549,8.1884482,Migrol
4571341542,47.4186937,9.2430398,AGROLA
4574572612,47.0563519,8.2899279,discount
4584155691,47.4293869,8.5590821,Coop
4594228957,47.4237177,7.5018756,SOCAR
4599603764,46.744842,9.5561855,Socar
4617951385,46.7965239,9.8326748,Avia
4626325925,47.1056553,8.3437463,Agrola
4639517313,47.0945578,7.2900624,Avia
4639517344,47.0821572,7.2965446,BP
4640531856,47.5285996,7.9953799,Independent
4690791242,46.7827711,9.6855547,Avia
4697887291,47.5172815,8.594189,Coop
4697941146,47.5176581,8.5947525,Avia
4730835508,47.2409632,8.9488352,Agrola
4736427919,47.3504859,8.3361017,Avia
4740888851,47.3965492,8.4670441,Ruedi Rüssel
4770994506,46.9269042,7.7345333,Midland Oil
4778868523,47.0625148,7.0890132,BP
4779034521,47.0587731,7.2311602,Avia
4811194246,46.5150435,6.560649,BP
4820137498,47.3984726,8.6051007,SOCAR
4820137500,47.3353262,8.5408584,Socar
4820601025,47.3522069,8.5585571,Shell
4820601027,47.408064,8.6016378,Migrol
4820601028,47.361258,8.5478749,Migrol
4820646304,47.4079849,8.5997702,Shell
4820646305,47.4032098,8.6075961,Shell
4820646306,47.4319133,8.5631012,Shell
4828232529,47.4429478,8.4806515,Avia
4833061686,47.3940505,8.4820011,Avia
4833061688,47.3770637,8.5114068,Avia
4833061689,47.3662195,8.5336955,Avia
4833061690,47.3876457,8.5333362,Avia
4847777858,47.3875329,8.4986948,Coop
4858136837,47.1731529,8.9692838,BP
4906686362,47.4098549,7.7545096,SOCAR
4909119028,46.8727111,8.2419272,Migrol
4932308537,46.6029975,9.9599669,Eni
4934580331,46.0050597,8.7933801,Eni
4935627363,47.3623528,8.5271036,Independent
4940994898,46.1388553,8.9077089,Eni
4959639284,46.8211037,6.5045037,Tamoil
4969901431,47.1965856,8.5298839,Avia
4970198222,47.190787,8.4766899,Migrol
4988501321,46.7785691,6.6239709,Agip
4989129994,46.9549591,10.43507,BP
4990819212,47.2289888,8.832634,Eni
5000075190,46.4759271,7.2834741,Agrola
5019801223,47.4738153,8.0503423,Agrola
5026260721,47.4990212,7.6182434,BP
5056322715,46.3018641,7.047345,BP
5060356108,46.3552605,6.9326019,Tamoil
5061305988,47.1231398,7.2792557,Independent
5105726212,47.454611,9.6368688,Coop
5118373197,47.1045554,8.3771996,Coop
5124384532,47.2025695,7.572037,Migrol
5125381698,46.120968,8.9268556,Avia
5165572653,47.4642884,8.5265047,Spar
5192332363,47.2700306,8.8527951,BP
5193792846,47.2107475,7.5024913,Avia
5194330171,47.200478,7.583702,socar
5197705030,47.1885577,7.5557238,Discount-Tankstelle
5197977000,47.2364721,8.7764429,AVIA
5197977001,47.2367258,8.7763434,AVIA
5211134027,46.2305386,10.1449413,Shell
5242262577,47.358531,8.5319389,Eni
5245851786,47.0491266,9.0642478,Tamoil
5256316188,47.0454165,9.068202,Eni
5258126478,47.5629444,8.4262064,BP
5281995076,47.1125082,9.2664622,BP
5286491814,47.4533993,9.0389859,Avia
5312558978,47.6938743,8.6050346,Coop Pronto
5336400778,47.5449108,9.374814,Avia
5336973838,47.5654934,9.3659627,Coop Tankstelle
5336973857,47.5643514,9.3659051,Agip
5338678441,47.6176153,9.2691216,Avia
5349792184,47.375288,9.2029152,Halter Energie
5357761037,47.0610726,8.0735001,coop
5359286417,47.0842617,8.0384007,Avia
5361583710,46.7963229,10.3071834,Tamoil
5370500872,47.4109696,8.5266314,Avia
5420548552,46.7243573,9.5580116,Socar
5434396547,47.3564181,7.982551,Shell
5438021361,46.3874123,6.9203578,Eni
5438021375,46.3852006,6.9211302,Tamoil
5458717846,47.4830697,7.6138161,BP
5464829035,47.4192262,8.414396,Coop
5487048154,47.3868247,8.3463008,Avia
5487138376,47.3484857,8.285165,Ruedi Rüssel
5487138933,47.3826453,8.2437372,Eni
5488634095,47.1518335,9.0278777,Avia
5488634101,47.1528097,9.0258129,Migrol
5488634114,47.1002485,9.0731306,Agrola
5488634116,47.0943975,9.060726,Ruedi Rüssel
5488634117,47.0909385,9.0578768,Avia
5488634723,47.0131875,9.0817747,Eni
5488634726,47.0082627,9.0785385,Avia
5488634738,46.9910787,9.0634428,SOCAR
5514875835,47.4447009,8.4601767,Avia
5514885103,47.4523897,8.4616405,Agrola
5528778830,47.1324931,7.2381026,Shell
5542504235,46.489014,9.8372749,Engadin Bus
5579134459,47.2629816,8.865991,BP
5582940854,46.9780398,7.4610002,Hess
5615208385,47.1706786,7.5751202,Tamoil
5628344433,47.3715763,8.9835812,Avia
5705934073,47.5522692,7.5661443,Independent
5718417508,47.507531,7.5324157,Eni
5721083669,47.4535469,8.5785075,Avia
5721083673,47.455013,8.5800231,BP
5744118451,47.5256964,7.6918167,Avia
5746033457,47.4268094,8.3076343,Migrol
5747534240,47.2986729,7.9345154,BP
5761628590,46.9489005,7.3970599,SOCAR
5778436755,47.4810831,8.2109143,AGROLA
5854422023,47.3926289,8.0660678,SOCAR
5873752911,47.4280156,9.6235326,Ruedi Rüssel
5905797683,46.4448421,6.2972219,Socar
5924411446,47.1721081,8.5109711,SOCAR
5924878034,46.6276112,6.5773977,Jubin Frères SA
5927470460,46.854138,9.5138563,Coop
5940499368,47.2457204,8.5325333,Migrol
5968334800,46.1145201,8.7061371,Picadilly
6002697604,47.0250676,8.3067359,Shell
6002697605,47.0254205,8.3061411,Avia
6051671832,46.9665151,7.1239378,Migrol
6052931654,47.1477077,8.5066809,AVIA
6088224395,47.288847,8.7120186,Ruedi Rüssel
6104266824,46.8464072,9.5113263,Eni
6109275785,46.9355169,7.4155811,Agrola
6109419085,46.6788715,7.8513205,Coop
6111365297,46.8564624,9.5345568,Eni
6111365298,46.8564912,9.5349676,Eni
6152961334,46.7512074,8.0508374,Oeltrans
6165583983,46.1788331,7.8050882,Eni
6171424585,46.3183705,7.6029076,Tamoil
6177659238,47.1973535,7.4258247,Migrol
6184251915,46.807206,9.3991886,Socar
6184252057,46.8378294,9.463571,Shell
6184579379,46.8520803,9.505097,Avia
6193616973,47.5465053,8.8417873,Agrola
6214401205,47.0469431,8.2566641,Avia
6233652366,46.3375414,6.930405,Eni
6233652367,46.3392448,6.9318739,Eni
6243050151,46.7914783,7.6065344,Tamoil
6243074754,46.878274,7.6150749,Agrola
6251318201,47.5713016,8.9145118,BP
6253517961,47.1683336,8.7266515,Hergol
6275148234,46.5159036,6.5330847,BP
6301355684,47.060123,7.6254125,Avia
6320502728,46.9579824,7.4365282,Avia
6328386301,46.9356717,7.4147502,Hess
6372520434,46.9100128,8.2933994,Avia
6389192666,47.1362761,7.9222507,Agrola
6407345181,47.3536972,8.9328548,Agrola
6431135289,46.2402169,9.135969,Avia
6434199505,46.9416185,7.3964881,Shell
6454393592,46.6616188,9.582481,Tamoil
6466301764,46.8088138,9.5322498,Eni
6466435960,47.5242451,7.604393,Coop
6485025085,47.5124357,7.7195888,Coop
6584592532,47.2638374,8.4283067,Agrola
6603380443,47.2155334,8.6066365,Agrola
6611751135,47.3926384,8.475161,Independent
6631024141,46.461222,6.342127,Esso
6680253709,47.4500535,8.7017149,BP
6700752605,46.967113,7.1893047,Agrola
6703441119,47.2800616,7.3895902,Coop Pronto
6762373476,46.8392537,8.1901457,BP
6774918763,47.0700524,8.2843619,MACRO SWISS ENERGY AG
6779296606,46.9535776,7.1865606,Ruedi Rüssel
6796486568,46.041384,7.1473065,eni
6812900280,46.9663157,8.3529013,Migrol
6835510255,47.3706167,7.9822724,BP
6853724786,47.4086524,9.3299532,Agrola
6868334960,46.9935595,7.4574499,Avia
6869927506,47.2984159,7.6155132,Tamoil
6869927508,47.3034182,7.6323208,Voegtlin-Meyer
6871040108,47.2808441,7.5311401,JUBIN
6877726982,47.3109843,7.6895856,Ruedi Rüssel
6899769189,46.1917406,9.0181221,Eni
6916065079,46.2291106,7.362932,Tamoil
6949608209,47.3545685,8.0546458,Eni
6983767347,46.8942145,7.3323707,G&O
7003233349,47.3572373,8.6422562,Avia
7021621077,46.8862804,7.5556095,Shell
7058350886,47.5319274,9.1891178,Migrol
7096350846,46.2016417,7.8414675,BP
7105143246,47.3617404,8.0514674,Eni
7111931002,47.2408639,8.714637,SOCAR
7124256385,47.5670281,8.9084935,Coop
7129021552,46.2022406,6.1547596,BP
7140147908,46.0459982,8.9841399,Righetti
7169643795,46.3090876,7.9714455,BP
7180524077,47.2646326,8.661027,Coop
7188187260,46.4013772,9.6955164,BP
7216902618,47.4157791,7.082515,Tamoil
7219104975,47.000602,8.5781593,Ruedi Rüssel
7227684701,47.4485975,8.1437519,Migrol
7234871003,47.4224599,9.5513276,Agrola
7283569729,47.6927894,8.6233036,SOCAR
7319282794,46.5573021,9.6248697,Avia
7352171273,46.5121581,6.6592735,BP
7358597529,47.7099891,8.8209668,SOCAR
7360125203,47.3214243,8.640888,Ruedi Rüssel
7390911007,47.3700201,8.0791765,Ruedi Rüssel
7403418119,47.4017851,8.4526451,Avia
7419682648,47.5634184,8.907842,Shell
7419682650,47.562051,8.9057258,Migrol
7443294871,46.7962334,7.1437256,Minipirix
7444398176,47.1072197,8.0848217,Agrola
7463799585,47.3115525,7.8947767,Migrol
7473300628,47.5260002,8.2424829,Coop
7600258535,47.4648644,7.8467838,Coop
7600260673,47.5520329,7.8035659,Coop
7600279693,47.4388056,7.5286512,Coop
7600324461,47.6394892,9.2031885,Coop
7600332343,47.1938289,8.8172135,Coop
7600356612,47.4797891,8.9949493,Coop
7600391895,47.3064785,8.8168191,Coop
7600435654,47.4122547,8.2230051,Coop
7643943887,47.5447787,9.285074,Tamoil
7673857088,47.5305185,7.6383204,SOCAR
7673864020,47.5236976,7.7059913,Migrol
7674184801,47.4392075,7.5385737,Migrol
7680137105,47.530595,7.6503672,Avia
7682857071,47.5622618,9.1247731,SOCAR
7682864190,47.5182643,9.0007909,Socar
7682902458,47.6442767,9.1810486,Migrol
7682992145,47.4683386,9.109392,Migrol
7683096203,47.6488321,8.8700763,Migrol
7684921023,47.2737376,8.9118883,Shell
7702297267,47.39634,8.4400249,Socar
7702874122,47.2658346,8.7298735,SOCAR
7703029466,47.2434711,8.9588423,SOCAR
7704856269,47.2590921,8.1847435,Migrol
7706911945,47.5537444,7.6085199,Migrol
7706952223,47.4145345,7.5430341,Migrol
7707275593,47.4786201,9.4756019,Migrol
7707526738,46.9653417,7.4577172,Migrol
7710511664,47.5587537,8.4345861,Migrol
7710695297,47.235038,8.1932781,Migrol
7710911042,47.3666153,8.3135613,Migrol
7710912979,47.3216477,8.037042,Migrol
7710938451,47.4833039,7.5395269,Migrol
7710986564,47.1527031,8.1164104,Migrol
7765697299,47.4919525,9.2444455,Agrola
7784009538,46.3586227,6.2154636,Eni
7788196025,47.4399049,9.25461,Coop Pronto
7855094421,46.3456599,9.5962,Socar
7897609235,47.1620064,7.2857211,Avia
7904036275,46.3998649,8.1339393,BP
7922806895,47.4801086,9.5316053,Shell
7976103204,47.4795882,9.5281745,Avia
8009892659,47.0014945,7.2738638,Avia
8011299886,46.0960104,7.0684308,Combustia
8011299887,46.0969064,7.0691349,BP
8050268168,47.0686334,7.5779079,Avia
8091536612,46.8395485,7.5437947,Agrola
8112296024,47.6716714,8.4645069,AVIA
8143654398,47.5849101,8.2449029,Ruedi Rüssel
8143698924,47.600102,8.226213,Ruedi Rüssel
8151175308,46.6017536,6.6142359,Tamoil
8168277323,47.2053231,7.5502446,Shell
8195983410,46.267267,6.9530296,Shell
8198230979,46.9332438,7.4225978,Tamoil
8262631150,47.4154408,8.7205647,Agrola
8262954422,46.9527565,7.5426977,Agrola
8283191345,47.0916998,6.8409795,Eni
8296551625,47.4618829,8.2444104,Voegtlin-Meyer
8308068217,47.4071373,9.3095455,Avia
8308068317,46.736086,7.0204126,Mini Prix
8308068617,46.987712,6.9182069,Shell
8311303429,47.1926538,7.7093788,Migrol
8406421688,46.5578792,6.6358478,BP
8422020064,47.5576214,7.5740822,Shell
8478613548,47.7049065,8.6276122,Avia
8489547481,46.1983284,8.750402,Eni
8539689215,46.8795677,7.0439852,Eni
8568950563,47.1280099,8.892057,OIL!
8658071193,47.5732888,8.5601608,Agrola
8809275654,46.0088569,9.0086354,Mondial Change
8816913332,47.1592285,7.5822115,Migrol
8821677686,47.0654245,6.9298591,Miniprix
8863909474,47.5485082,7.6284867,Coop
8872977825,46.3344625,9.5371058,Agip
8894409499,47.1144347,9.2588397,Spurt
8897241656,46.9880195,7.3832881,Agrola
8897803330,47.196558,8.4350498,BP
8901334846,47.1544642,9.0304894,Tankstelle Autoland Reust - Günstig Tanken
8922195925,46.5313088,9.874205,Socar
8923044561,46.7975405,6.7540794,Agrola
8930755050,47.550369,8.8541786,Tanner Oel
8963692502,46.616023,6.6597548,Agrola
8990082844,47.5632306,7.5930238,Ruedi Rüssel
9005199657,47.3251676,8.7859423,Avia
9025347030,47.2959533,7.9323762,Agrola
9032304502,46.0324071,8.9227861,Migrolino
9034117746,46.2255273,7.3320899,Mini-Prix
9043472190,46.2245336,7.3092702,Migrol
9069374017,46.2173995,7.3004324,Tamoil
9069769511,46.2244627,7.3029534,Coop
9081607347,46.7110859,9.4354918,Agrola
9094989413,46.2257946,7.2908757,Eni
9097117332,47.4982955,8.75433,Etzelpark
9098957627,46.2660497,6.9542869,Tamoil
9101412647,46.2097854,7.0063782,Agip
9102042648,46.2125383,7.0055897,Tamoil
9106167326,46.2225578,7.2989732,Tamoil
9168386810,46.970341,7.4971224,Agrola
9255380791,46.7977979,7.119166,Tamoil
9267465681,46.3106978,7.530899,Miniprix
9267711019,46.3041242,7.5394233,Tamoil
9267750693,46.2881799,7.5212794,BP
9267950391,46.4685376,7.28551,Socar
9285352215,47.1491369,9.1428786,Agrola
9289206906,46.6731761,6.9262151,Tamoil
9303633585,46.7987465,7.1231284,Migrol
9309047141,46.2280191,7.3656927,Combustia
9349521108,47.4611631,8.5183392,Avia
9404456365,46.2220024,7.2701784,Combustia
9408619653,47.148369,6.8920997,Gust'Oil
9420034735,47.3807486,8.6828929,Coop
9424019827,46.4421373,6.8874473,Avia
9424019829,46.4409746,6.8910365,Tamoil
9465566396,47.0005656,8.6100904,Avia
9534195025,46.2368926,10.138189,Eni
9545730709,46.9002467,7.6964298,Ruedi Rüssel
9597538969,47.1221867,9.3158581,Agrola
9682129079,47.1929489,8.8790219,Agrola
9768345585,47.4199227,9.3626561,Avia
9784023917,47.1890951,7.973966,Shell
9788864247,47.0424706,7.3835997,Agrola
9795472545,46.6841076,7.0915588,Tamoil
9823820576,47.3998966,9.3593068,Spurt
9846257247,46.7914507,7.160829,Tamoil
9903724144,46.0778788,7.1403642,Miniprix
9909993062,46.5212191,6.5860549,Socar
9913053661,46.1465185,7.1681404,Agrola
9914493267,46.0538992,6.9514708,BP
9915244118,47.1548108,8.7214644,Agrola
9922434457,47.4072998,9.3025813,BP
9938824490,46.7805095,7.0875182,Coop
9949277157,47.4377167,9.3885251,Avia
9949283932,47.4370362,9.3878786,Avia
9950963590,47.3868161,9.5544133,Red Fox
9960238434,47.526867,7.7012445,BP
9965475815,46.2828504,6.9444274,Migrol
9967850151,47.409667,9.3334748,Tamoil
9983081873,47.3319026,9.4128759,Socar
10031143191,46.8153985,6.8895371,Agrola
10052226162,47.3323049,7.841259,BP
10052272014,47.3719364,7.9874672,Ruedi Rüssel
10068851677,47.441221,9.3933697,Spurt
10075204701,46.3416864,8.9766634,Eni
10080554886,46.682132,7.085098,Shell
10080554887,46.6819186,7.0852697,Shell
10087517221,47.1525285,7.261475,Shell
10100981031,46.6133942,7.0431579,Agrola
10104394347,47.1430367,7.2500405,Miniprix
10119084857,46.5189812,6.4288912,Eni
10125913623,47.2654585,8.1765253,Coop
10160267814,47.516341,8.6782876,Tamoil
10167697119,46.9903989,7.4772942,Tamoil
10178629981,46.8011975,7.1190206,Die Posst
10225937410,47.0827914,7.3978637,Independent
10229045903,47.4410326,9.2549845,BP
10239196021,47.0483679,8.6162866,Avia
10247624431,47.6531191,9.1785581,Avia
10251388827,47.4153295,9.2647917,Etzelpark
10251448694,47.5267275,7.7010495,BP
10254598355,46.6441223,6.6365102,Agrola
10259118070,46.9198947,9.5539178,Avia
10266055340,47.4140949,9.3114861,Agrola
10266055344,47.4164065,9.3114971,Avia
10293612864,47.119149,7.243147,Coop
10297337892,46.9538117,6.8450267,Migrol
10301090417,47.4136465,9.2709945,BP
10301090422,47.4135001,9.2705952,Coop
10302641193,47.3190444,9.1737481,Independent
10539012266,47.3724409,8.0476793,Midland
10588981463,47.2970951,8.2305298,Migrol
10592141971,47.3634557,9.1428257,Agrola
10592396705,47.2645494,8.1741884,Agrola
10594373271,47.4279418,9.1285631,Avia
10649533003,46.2069399,7.0077649,Agrola
10692702753,47.5452328,9.1810113,Agrola
10706845164,47.2584701,9.1412311,Avia
10707802410,47.631078,8.7866392,Agrola
10778337376,47.445632,9.6481918,Agrola
10779404861,46.5099353,6.6505911,Mio
10873466298,47.5738509,8.5991929,Avia
10875228533,47.1779326,8.5919977,Agrola
10922072279,46.8733565,8.6503185,Hubrol
10933576878,46.7864807,7.0792261,Migrol
10963324378,46.8636738,8.7714392,Hubrol
11022607283,46.8469856,9.5210285,Socar
11023179026,47.0564169,7.0608198,BP
11030760094,46.8461265,9.5118429,Eni
11033130851,46.8484725,9.5141809,BP
11042949086,46.7433135,8.994157,Shell
11046161442,47.5276786,9.1956309,Avia
11069339336,46.6184772,9.9973842,BEBECO
11076106730,47.1496471,6.9909629,Shell
11118919303,47.3829981,9.5546386,Avia
11143314072,47.4752485,9.1521361,Agrola
11183642660,47.2106141,7.5282369,Coop
11185679536,46.2253583,7.2917323,Shell
11247572508,47.2979957,8.5979311,Avia
11248519853,47.1840183,7.369846,Migrol
11281280992,45.8348728,9.0352614,BP
11300071656,47.4395698,7.5360001,Avia
11304024246,47.4975167,7.9316518,Agrola
11323344293,47.3020303,8.8456263,Avia
11329043056,47.2556356,8.687028,Avia
11357088237,47.079877,8.131644,Avia
11382477014,46.7735179,7.1620863,Coop
11446164240,47.4888862,8.5944169,Agrola
11471042330,47.0490812,7.0351019,Miniprix
11486230578,47.3998792,8.6249075,Tamoil
11486230581,47.3823596,8.6713659,Coop
11491797795,47.3700039,9.3414755,Avia
11528384018,47.4926771,7.7215927,Independent
11660181226,47.717899,8.6613211,Agrola
11669936644,46.858436,8.6393863,Hubrol
11739615586,47.4494029,7.6735575,Avia
11762032006,47.1111835,7.3915985,Avia
11762032008,47.1131216,7.3897048,Ruedi Rüssel
11805417452,47.0836165,8.040299,Agrola
11842384092,47.2859651,8.617557,Agrola
11930473528,47.1110336,7.3001017,Migrol
11932647736,47.2689772,8.2024339,BP
11987570677,47.4128155,9.0686592,BP
12027900278,46.2098077,6.1463764,Tamoil
12047680785,47.5073173,7.6024308,Eni
12104188856,47.0817744,8.2831929,Avia
12110187999,47.310061,8.0516207,Ruedi Rüssel
12119983050,47.5336642,7.9877693,Agrola
12122044532,46.4253771,6.2543396,Tamoil
12135415478,46.8219482,6.9407194,Tamoil
12144702940,46.5084492,8.7004146,SOCAR
12149547301,46.6970321,9.4486163,Avia
12165140846,47.0960168,9.354558,Coop Tankstelle
12174322144,47.4719148,8.0525728,Ruedi Rüssel
12234968387,47.3759853,9.5545369,Agrola
12239238293,47.424408,9.6146484,Agrola
12239502112,47.4162675,9.633039,BP
12239635697,47.4478331,9.6498906,Agrola
12257995573,46.6998035,9.4396487,Shell
12286105196,47.0648557,8.5228631,Shell
12288566614,47.2693258,8.2023818,Agrola
12310159890,47.3362305,8.6200573,Avia
12326772494,46.468428,6.8478742,Jubin Frères SA
12328531083,46.3931329,6.2369921,Coop Pronto
12362263057,46.7308692,6.386927,BP
12384969127,47.2820641,7.9395837,Agrola
12441666965,47.4510858,9.1629597,Avia
12465103095,47.4167133,8.3967135,coop
12496851118,46.8708387,7.122643,Agrola
12516786367,45.8571573,8.9671578,BP
12578528993,47.4146255,7.5017659,Agrola
12620018704,46.8278125,7.1452152,Coop
